id,site,surface,section_index,section,layer_index,layer,title,kind,context,trigger,audience,claim,status,svg,prompt
"B2W-01-01","B2W","company-website","1","Mission","1","Primary / visible","Turn scattered information into decisions","identity","first viewport","on page load","SMB owners, engineering and operations leaders, enterprise clients and partners","brand statement","Generated vector / illustrative / pending review","03-asset-library/b2w/company-website/B2W-01-01.svg","02-prompt-database/prompts/B2W-01-01.md"
"B2W-01-02","B2W","company-website","1","Mission","2","Secondary / user expansion","Communication becomes an operating record","flow","mission process reveal","on scroll","SMB owners, engineering and operations leaders, enterprise clients and partners","method illustration","Generated vector / illustrative / pending review","03-asset-library/b2w/company-website/B2W-01-02.svg","02-prompt-database/prompts/B2W-01-02.md"
"B2W-01-03","B2W","company-website","1","Mission","3","Tertiary / deliberate inspection","Trace an insight to its original source","sources","mission evidence detail","on expand","SMB owners, engineering and operations leaders, enterprise clients and partners","illustrative","Generated vector / illustrative / pending review","03-asset-library/b2w/company-website/B2W-01-03.svg","02-prompt-database/prompts/B2W-01-03.md"
"B2W-02-01","B2W","company-website","2","Capabilities","1","Primary / visible","Capabilities built around the operator","portfolio","capabilities introduction","on scroll","SMB owners, engineering and operations leaders, enterprise clients and partners","proposed services","Generated vector / illustrative / pending review","03-asset-library/b2w/company-website/B2W-02-01.svg","02-prompt-database/prompts/B2W-02-01.md"
"B2W-02-02","B2W","company-website","2","Capabilities","2","Secondary / user expansion","From requirements to working interfaces","flow","expanded capability detail","on select","SMB owners, engineering and operations leaders, enterprise clients and partners","methodology","Generated vector / illustrative / pending review","03-asset-library/b2w/company-website/B2W-02-02.svg","02-prompt-database/prompts/B2W-02-02.md"
"B2W-02-03","B2W","company-website","2","Capabilities","3","Tertiary / deliberate inspection","An explainable system boundary","governance","technical depth drawer","on expand","SMB owners, engineering and operations leaders, enterprise clients and partners","concept","Generated vector / illustrative / pending review","03-asset-library/b2w/company-website/B2W-02-03.svg","02-prompt-database/prompts/B2W-02-03.md"
"B2W-03-01","B2W","company-website","3","How we work","1","Primary / visible","Discover, prototype, deliver","flow","engagement journey","on scroll","SMB owners, engineering and operations leaders, enterprise clients and partners","methodology","Generated vector / illustrative / pending review","03-asset-library/b2w/company-website/B2W-03-01.svg","02-prompt-database/prompts/B2W-03-01.md"
"B2W-03-02","B2W","company-website","3","How we work","2","Secondary / user expansion","Requirements turn into acceptance criteria","process","stage detail","on select","SMB owners, engineering and operations leaders, enterprise clients and partners","illustrative example","Generated vector / illustrative / pending review","03-asset-library/b2w/company-website/B2W-03-02.svg","02-prompt-database/prompts/B2W-03-02.md"
"B2W-03-03","B2W","company-website","3","How we work","3","Tertiary / deliberate inspection","Review ownership before automation","governance","due diligence drawer","on expand","SMB owners, engineering and operations leaders, enterprise clients and partners","proposed process","Generated vector / illustrative / pending review","03-asset-library/b2w/company-website/B2W-03-03.svg","02-prompt-database/prompts/B2W-03-03.md"
"B2W-04-01","B2W","company-website","4","Work and expertise","1","Primary / visible","Experience translated into applied systems","portfolio","portfolio opening","on scroll","SMB owners, engineering and operations leaders, enterprise clients and partners","representative work only","Generated vector / illustrative / pending review","03-asset-library/b2w/company-website/B2W-04-01.svg","02-prompt-database/prompts/B2W-04-01.md"
"B2W-04-02","B2W","company-website","4","Work and expertise","2","Secondary / user expansion","A project story with a source trail","sources","expanded case study","on expand","SMB owners, engineering and operations leaders, enterprise clients and partners","illustrative framing","Generated vector / illustrative / pending review","03-asset-library/b2w/company-website/B2W-04-02.svg","02-prompt-database/prompts/B2W-04-02.md"
"B2W-04-03","B2W","company-website","4","Work and expertise","3","Tertiary / deliberate inspection","Where each capability fits in delivery","blueprint","case study deep dive","on expand","SMB owners, engineering and operations leaders, enterprise clients and partners","concept","Generated vector / illustrative / pending review","03-asset-library/b2w/company-website/B2W-04-03.svg","02-prompt-database/prompts/B2W-04-03.md"
"B2W-05-01","B2W","company-website","5","Contact and trust","1","Primary / visible","Start with an operational problem","contacts","final contact section","on scroll","SMB owners, engineering and operations leaders, enterprise clients and partners","proposed process","Generated vector / illustrative / pending review","03-asset-library/b2w/company-website/B2W-05-01.svg","02-prompt-database/prompts/B2W-05-01.md"
"B2W-05-02","B2W","company-website","5","Contact and trust","2","Secondary / user expansion","Who participates in a discovery call","process","contact expansion","on select","SMB owners, engineering and operations leaders, enterprise clients and partners","roles only","Generated vector / illustrative / pending review","03-asset-library/b2w/company-website/B2W-05-02.svg","02-prompt-database/prompts/B2W-05-02.md"
"B2W-05-03","B2W","company-website","5","Contact and trust","3","Tertiary / deliberate inspection","What happens after your message","governance","trust detail","on expand","SMB owners, engineering and operations leaders, enterprise clients and partners","proposed process","Generated vector / illustrative / pending review","03-asset-library/b2w/company-website/B2W-05-03.svg","02-prompt-database/prompts/B2W-05-03.md"
"JAI-01-01","JasonAI","product-demo-page","1","Executive secretary","1","Primary / visible","Your project executive secretary","identity","first viewport","on page load","Owner-operated general contractors, office administrators and construction operations decision-makers","positioning","Generated vector / illustrative / pending review","03-asset-library/jasonai/product-demo-page/JAI-01-01.svg","02-prompt-database/prompts/JAI-01-01.md"
"JAI-01-02","JasonAI","product-demo-page","1","Executive secretary","2","Secondary / user expansion","Ask about a job in your own words","chat","hero interactive example","on play demo","Owner-operated general contractors, office administrators and construction operations decision-makers","illustrative conversation","Generated vector / illustrative / pending review","03-asset-library/jasonai/product-demo-page/JAI-01-02.svg","02-prompt-database/prompts/JAI-01-02.md"
"JAI-01-03","JasonAI","product-demo-page","1","Executive secretary","3","Tertiary / deliberate inspection","See what Jason can and cannot do","governance","hero trust drawer","on expand","Owner-operated general contractors, office administrators and construction operations decision-makers","capability boundary","Generated vector / illustrative / pending review","03-asset-library/jasonai/product-demo-page/JAI-01-03.svg","02-prompt-database/prompts/JAI-01-03.md"
"JAI-02-01","JasonAI","product-demo-page","2","Capture","1","Primary / visible","Works from authorized messages","chat","capture intro","on scroll","Owner-operated general contractors, office administrators and construction operations decision-makers","channel availability must be verified","Generated vector / illustrative / pending review","03-asset-library/jasonai/product-demo-page/JAI-02-01.svg","02-prompt-database/prompts/JAI-02-01.md"
"JAI-02-02","JasonAI","product-demo-page","2","Capture","2","Secondary / user expansion","Information is linked to the right project","flow","selected message state","on select","Owner-operated general contractors, office administrators and construction operations decision-makers","illustrative","Generated vector / illustrative / pending review","03-asset-library/jasonai/product-demo-page/JAI-02-02.svg","02-prompt-database/prompts/JAI-02-02.md"
"JAI-02-03","JasonAI","product-demo-page","2","Capture","3","Tertiary / deliberate inspection","A source stays attached to an update","sources","message evidence panel","on expand","Owner-operated general contractors, office administrators and construction operations decision-makers","illustrative","Generated vector / illustrative / pending review","03-asset-library/jasonai/product-demo-page/JAI-02-03.svg","02-prompt-database/prompts/JAI-02-03.md"
"JAI-03-01","JasonAI","product-demo-page","3","Business memory","1","Primary / visible","A simple business memory","graph","after capture","on reveal","Owner-operated general contractors, office administrators and construction operations decision-makers","illustrative graph","Generated vector / illustrative / pending review","03-asset-library/jasonai/product-demo-page/JAI-03-01.svg","02-prompt-database/prompts/JAI-03-01.md"
"JAI-03-02","JasonAI","product-demo-page","3","Business memory","2","Secondary / user expansion","Relationships matter more than another inbox","flow","selected node","on select","Owner-operated general contractors, office administrators and construction operations decision-makers","concept","Generated vector / illustrative / pending review","03-asset-library/jasonai/product-demo-page/JAI-03-02.svg","02-prompt-database/prompts/JAI-03-02.md"
"JAI-03-03","JasonAI","product-demo-page","3","Business memory","3","Tertiary / deliberate inspection","Trace an item without changing the source","sources","evidence drawer","on expand","Owner-operated general contractors, office administrators and construction operations decision-makers","read-only concept","Generated vector / illustrative / pending review","03-asset-library/jasonai/product-demo-page/JAI-03-03.svg","02-prompt-database/prompts/JAI-03-03.md"
"JAI-04-01","JasonAI","product-demo-page","4","Operations","1","Primary / visible","This week, who needs to be paid?","dashboard","after memory resolves","on reveal","Owner-operated general contractors, office administrators and construction operations decision-makers","illustrative MVP","Generated vector / illustrative / pending review","03-asset-library/jasonai/product-demo-page/JAI-04-01.svg","02-prompt-database/prompts/JAI-04-01.md"
"JAI-04-02","JasonAI","product-demo-page","4","Operations","2","Secondary / user expansion","Review labor before Friday","labor","Labor view","on Labor tab","Owner-operated general contractors, office administrators and construction operations decision-makers","illustrative MVP","Generated vector / illustrative / pending review","03-asset-library/jasonai/product-demo-page/JAI-04-02.svg","02-prompt-database/prompts/JAI-04-02.md"
"JAI-04-03","JasonAI","product-demo-page","4","Operations","3","Tertiary / deliberate inspection","Approve only evidence-backed updates","approval","Activity review","on Activity tab","Owner-operated general contractors, office administrators and construction operations decision-makers","illustrative MVP","Generated vector / illustrative / pending review","03-asset-library/jasonai/product-demo-page/JAI-04-03.svg","02-prompt-database/prompts/JAI-04-03.md"
"JAI-05-01","JasonAI","app-mvp-intro","5","App MVP introduction","1","Primary / visible","From message to owner workspace","app","MVP walkthrough","on open MVP","Owner-operated general contractors, office administrators and construction operations decision-makers","prototype only","Generated vector / illustrative / pending review","03-asset-library/jasonai/app-mvp-intro/JAI-05-01.svg","02-prompt-database/prompts/JAI-05-01.md"
"JAI-05-02","JasonAI","app-mvp-intro","5","App MVP introduction","2","Secondary / user expansion","Edit a line item before approval","labor","editable row preview","on edit","Owner-operated general contractors, office administrators and construction operations decision-makers","no live mutation","Generated vector / illustrative / pending review","03-asset-library/jasonai/app-mvp-intro/JAI-05-02.svg","02-prompt-database/prompts/JAI-05-02.md"
"JAI-05-03","JasonAI","app-mvp-intro","5","App MVP introduction","3","Tertiary / deliberate inspection","Confirm what the action changes","approval","review step","on confirm","Owner-operated general contractors, office administrators and construction operations decision-makers","prototype only","Generated vector / illustrative / pending review","03-asset-library/jasonai/app-mvp-intro/JAI-05-03.svg","02-prompt-database/prompts/JAI-05-03.md"
"CLA-01-01","Clara","product-demo-page","1","On-site voice note","1","Primary / visible","A site walkthrough begins with a note","voice","first viewport","on page load","Commercial real-estate developers, renovators and preconstruction estimators","planned workflow","Generated vector / illustrative / pending review","03-asset-library/clara/product-demo-page/CLA-01-01.svg","02-prompt-database/prompts/CLA-01-01.md"
"CLA-01-02","Clara","product-demo-page","1","On-site voice note","2","Secondary / user expansion","Listen, transcribe, correct","transcript","voice example","on play","Commercial real-estate developers, renovators and preconstruction estimators","illustrative no audio","Generated vector / illustrative / pending review","03-asset-library/clara/product-demo-page/CLA-01-02.svg","02-prompt-database/prompts/CLA-01-02.md"
"CLA-01-03","Clara","product-demo-page","1","On-site voice note","3","Tertiary / deliberate inspection","Keep the original next to the correction","sources","transcript evidence","on expand","Commercial real-estate developers, renovators and preconstruction estimators","concept","Generated vector / illustrative / pending review","03-asset-library/clara/product-demo-page/CLA-01-03.svg","02-prompt-database/prompts/CLA-01-03.md"
"CLA-02-01","Clara","product-demo-page","2","Structured note","1","Primary / visible","A transcript becomes a usable note","transcript","after typing","on reveal","Commercial real-estate developers, renovators and preconstruction estimators","proposed workflow","Generated vector / illustrative / pending review","03-asset-library/clara/product-demo-page/CLA-02-01.svg","02-prompt-database/prompts/CLA-02-01.md"
"CLA-02-02","Clara","product-demo-page","2","Structured note","2","Secondary / user expansion","Sort observations without guessing","process","note organization","on organize","Commercial real-estate developers, renovators and preconstruction estimators","concept","Generated vector / illustrative / pending review","03-asset-library/clara/product-demo-page/CLA-02-02.svg","02-prompt-database/prompts/CLA-02-02.md"
"CLA-02-03","Clara","product-demo-page","2","Structured note","3","Tertiary / deliberate inspection","Inspect each line before progressing","governance","note review drawer","on expand","Commercial real-estate developers, renovators and preconstruction estimators","human review needed","Generated vector / illustrative / pending review","03-asset-library/clara/product-demo-page/CLA-02-03.svg","02-prompt-database/prompts/CLA-02-03.md"
"CLA-03-01","Clara","product-demo-page","3","Preliminary estimate","1","Primary / visible","Move the note into an estimate","estimate","after note reviewed","on transfer","Commercial real-estate developers, renovators and preconstruction estimators","preliminary only","Generated vector / illustrative / pending review","03-asset-library/clara/product-demo-page/CLA-03-01.svg","02-prompt-database/prompts/CLA-03-01.md"
"CLA-03-02","Clara","product-demo-page","3","Preliminary estimate","2","Secondary / user expansion","Every line shows what is missing","estimate","estimate line expansion","on select","Commercial real-estate developers, renovators and preconstruction estimators","concept","Generated vector / illustrative / pending review","03-asset-library/clara/product-demo-page/CLA-03-02.svg","02-prompt-database/prompts/CLA-03-02.md"
"CLA-03-03","Clara","product-demo-page","3","Preliminary estimate","3","Tertiary / deliberate inspection","No approval without independent review","governance","validation panel","on expand","Commercial real-estate developers, renovators and preconstruction estimators","required review","Generated vector / illustrative / pending review","03-asset-library/clara/product-demo-page/CLA-03-03.svg","02-prompt-database/prompts/CLA-03-03.md"
"CLA-04-01","Clara","product-demo-page","4","Planning and verification","1","Primary / visible","An outline for scope and feasibility","blueprint","after estimate","on scroll","Commercial real-estate developers, renovators and preconstruction estimators","illustrative planning","Generated vector / illustrative / pending review","03-asset-library/clara/product-demo-page/CLA-04-01.svg","02-prompt-database/prompts/CLA-04-01.md"
"CLA-04-02","Clara","product-demo-page","4","Planning and verification","2","Secondary / user expansion","Compare evidence and assumptions","sources","plan evidence","on select","Commercial real-estate developers, renovators and preconstruction estimators","unverified sources","Generated vector / illustrative / pending review","03-asset-library/clara/product-demo-page/CLA-04-02.svg","02-prompt-database/prompts/CLA-04-02.md"
"CLA-04-03","Clara","product-demo-page","4","Planning and verification","3","Tertiary / deliberate inspection","Track revisions instead of overwriting","flow","revision history","on expand","Commercial real-estate developers, renovators and preconstruction estimators","illustrative","Generated vector / illustrative / pending review","03-asset-library/clara/product-demo-page/CLA-04-03.svg","02-prompt-database/prompts/CLA-04-03.md"
"CLA-05-01","Clara","app-mvp-intro","5","App MVP introduction","1","Primary / visible","Explore concepts without promising construction-ready plans","concept","concept exploration","on open MVP","Commercial real-estate developers, renovators and preconstruction estimators","concept only","Generated vector / illustrative / pending review","03-asset-library/clara/app-mvp-intro/CLA-05-01.svg","02-prompt-database/prompts/CLA-05-01.md"
"CLA-05-02","Clara","app-mvp-intro","5","App MVP introduction","2","Secondary / user expansion","Connect one concept back to its scope","blueprint","concept details","on select","Commercial real-estate developers, renovators and preconstruction estimators","concept mapping","Generated vector / illustrative / pending review","03-asset-library/clara/app-mvp-intro/CLA-05-02.svg","02-prompt-database/prompts/CLA-05-02.md"
"CLA-05-03","Clara","app-mvp-intro","5","App MVP introduction","3","Tertiary / deliberate inspection","A presentation follows a reviewed record","presentation","export flow","on build example deck","Commercial real-estate developers, renovators and preconstruction estimators","illustrative not a permit set","Generated vector / illustrative / pending review","03-asset-library/clara/app-mvp-intro/CLA-05-03.svg","02-prompt-database/prompts/CLA-05-03.md"
"SHR-01","B2W","shared-brand","0","Shared brand assets","0","Reusable","Brand symbol provenance","identity","Reusable brand reference for B2W header, page transitions or asset presentation","on page load","SMB owners, engineering and operations leaders, enterprise clients and partners","Approved original logo reference","Generated vector / illustrative / pending review","03-asset-library/shared/brand/SHR-01.svg","02-prompt-database/prompts/SHR-01.md"
"SHR-02","B2W","shared-brand","0","Shared brand assets","0","Reusable","Warm editorial image treatment","portfolio","Reusable brand reference for B2W header, page transitions or asset presentation","on relevant photo","SMB owners, engineering and operations leaders, enterprise clients and partners","Design example, pending review","Generated vector / illustrative / pending review","03-asset-library/shared/brand/SHR-02.svg","02-prompt-database/prompts/SHR-02.md"
"SHR-03","B2W","shared-motion","0","Shared brand assets","0","Reusable","Information becomes action motion","flow","Reusable motion reference for B2W header, page transitions or asset presentation","on action","SMB owners, engineering and operations leaders, enterprise clients and partners","Design example, pending review","Generated vector / illustrative / pending review","03-asset-library/shared/motion/SHR-03.svg","02-prompt-database/prompts/SHR-03.md"
"SHR-04","JasonAI","shared-brand","0","Shared brand assets","0","Reusable","Product wordmark reference","identity","Reusable brand reference for JasonAI header, page transitions or asset presentation","on navigation","Owner-operated general contractors, office administrators and construction operations decision-makers","Design example, pending review","Generated vector / illustrative / pending review","03-asset-library/shared/brand/SHR-04.svg","02-prompt-database/prompts/SHR-04.md"
"SHR-05","JasonAI","shared-motion","0","Shared brand assets","0","Reusable","Message ingestion state","chat","Reusable motion reference for JasonAI header, page transitions or asset presentation","on message reveal","Owner-operated general contractors, office administrators and construction operations decision-makers","Design example, pending review","Generated vector / illustrative / pending review","03-asset-library/shared/motion/SHR-05.svg","02-prompt-database/prompts/SHR-05.md"
"SHR-06","JasonAI","shared-motion","0","Shared brand assets","0","Reusable","Memory to dashboard transition","graph","Reusable motion reference for JasonAI header, page transitions or asset presentation","on transition","Owner-operated general contractors, office administrators and construction operations decision-makers","Design example, pending review","Generated vector / illustrative / pending review","03-asset-library/shared/motion/SHR-06.svg","02-prompt-database/prompts/SHR-06.md"
"SHR-07","Clara","shared-brand","0","Shared brand assets","0","Reusable","Product wordmark reference","identity","Reusable brand reference for Clara header, page transitions or asset presentation","on navigation","Commercial real-estate developers, renovators and preconstruction estimators","Design example, pending review","Generated vector / illustrative / pending review","03-asset-library/shared/brand/SHR-07.svg","02-prompt-database/prompts/SHR-07.md"
"SHR-08","Clara","shared-motion","0","Shared brand assets","0","Reusable","Transcription typing state","transcript","Reusable motion reference for Clara header, page transitions or asset presentation","on example","Commercial real-estate developers, renovators and preconstruction estimators","Design example, pending review","Generated vector / illustrative / pending review","03-asset-library/shared/motion/SHR-08.svg","02-prompt-database/prompts/SHR-08.md"
"SHR-09","Clara","shared-motion","0","Shared brand assets","0","Reusable","Note to estimate transfer","estimate","Reusable motion reference for Clara header, page transitions or asset presentation","on transfer","Commercial real-estate developers, renovators and preconstruction estimators","Design example, pending review","Generated vector / illustrative / pending review","03-asset-library/shared/motion/SHR-09.svg","02-prompt-database/prompts/SHR-09.md"
